{"cameraMode":{"drawMode":0,"name":"Shaded","section":"Shading Mode"},"sceneLighting":false,"audioPlay":false,"sceneViewState":{"showFog":true,"showMaterialUpdate":false,"showSkybox":true,"showFlares":true,"showImageEffects":true,"showParticleSystems":true},"in2DMode":false,"pivot":{"x":-0.016162872314453126,"y":5.9008684158325199,"z":0.3921387195587158},"rotation":{"x":-0.2401692420244217,"y":0.5800625085830689,"z":-0.18421396613121034,"w":-0.7562660574913025},"size":22.969066619873048,"orthographic":false}