{"cameraMode":{"drawMode":0,"name":"Shaded","section":"Shading Mode"},"sceneLighting":false,"audioPlay":false,"sceneViewState":{"showFog":true,"showMaterialUpdate":false,"showSkybox":true,"showFlares":true,"showImageEffects":true,"showParticleSystems":true},"in2DMode":false,"pivot":{"x":-7.402167797088623,"y":1.8587499856948853,"z":7.260038375854492},"rotation":{"x":-0.1635129451751709,"y":0.6856030225753784,"z":-0.16233767569065095,"w":-0.6905591487884522},"size":13.0819091796875,"orthographic":false}