{"cameraMode":{"drawMode":0,"name":"Shaded","section":"Shading Mode"},"sceneLighting":false,"audioPlay":false,"sceneViewState":{"showFog":true,"showMaterialUpdate":false,"showSkybox":true,"showFlares":true,"showImageEffects":true,"showParticleSystems":true},"in2DMode":false,"pivot":{"x":3.200000286102295,"y":2.299999952316284,"z":8.78756332397461},"rotation":{"x":-0.2921505868434906,"y":0.3584012985229492,"z":-0.11916880309581757,"w":-0.878648579120636},"size":31.968263626098634,"orthographic":false}