{"cameraMode":{"drawMode":0,"name":"Shaded","section":"Shading Mode"},"sceneLighting":true,"audioPlay":false,"sceneViewState":{"showFog":true,"showMaterialUpdate":false,"showSkybox":true,"showFlares":true,"showImageEffects":true,"showParticleSystems":true},"in2DMode":false,"pivot":{"x":-8.03763198852539,"y":-14.72952651977539,"z":15.421707153320313},"rotation":{"x":-0.42094001173973086,"y":0.32090461254119875,"z":-0.16220144927501679,"w":-0.8327972888946533},"size":32.179405212402347,"orthographic":false}