{"cameraMode":{"drawMode":0,"name":"Shaded","section":"Shading Mode"},"sceneLighting":false,"audioPlay":false,"sceneViewState":{"showFog":true,"showMaterialUpdate":false,"showSkybox":true,"showFlares":true,"showImageEffects":true,"showParticleSystems":true},"in2DMode":false,"pivot":{"x":3.077239990234375,"y":5.225135326385498,"z":13.870841979980469},"rotation":{"x":-0.1612301915884018,"y":0.28987371921539309,"z":-0.049609359353780749,"w":-0.9420812129974365},"size":4.846855163574219,"orthographic":false}