{"cameraMode":{"drawMode":0,"name":"Shaded","section":"Shading Mode"},"sceneLighting":false,"audioPlay":false,"sceneViewState":{"showFog":true,"showMaterialUpdate":false,"showSkybox":true,"showFlares":true,"showImageEffects":true,"showParticleSystems":true},"in2DMode":false,"pivot":{"x":0.0,"y":1.7699999809265137,"z":-0.10500001907348633},"rotation":{"x":-0.6451366543769836,"y":0.03343138098716736,"z":-0.02827552892267704,"w":-0.7628308534622192},"size":11.188909530639649,"orthographic":false}