{"cameraMode":{"drawMode":0,"name":"Shaded","section":"Shading Mode"},"sceneLighting":true,"audioPlay":false,"sceneViewState":{"showFog":true,"showMaterialUpdate":false,"showSkybox":true,"showFlares":true,"showImageEffects":true,"showParticleSystems":true},"in2DMode":false,"pivot":{"x":-2.984241485595703,"y":0.8127164840698242,"z":11.969671249389649},"rotation":{"x":-0.11831681430339813,"y":0.836578369140625,"z":-0.19941259920597077,"w":-0.496366947889328},"size":10.023557662963868,"orthographic":false}