{"cameraMode":{"drawMode":0,"name":"Shaded","section":"Shading Mode"},"sceneLighting":false,"audioPlay":false,"sceneViewState":{"showFog":true,"showMaterialUpdate":false,"showSkybox":true,"showFlares":true,"showImageEffects":true,"showParticleSystems":true},"in2DMode":false,"pivot":{"x":1.6133227348327637,"y":-3.5819270610809328,"z":2.267951011657715},"rotation":{"x":-0.007554410491138697,"y":0.9729101061820984,"z":-0.2288270741701126,"w":-0.03211764991283417},"size":16.82086181640625,"orthographic":false}