{"cameraMode":{"drawMode":0,"name":"Shaded","section":"Shading Mode"},"sceneLighting":true,"audioPlay":false,"sceneViewState":{"showFog":true,"showMaterialUpdate":false,"showSkybox":true,"showFlares":true,"showImageEffects":true,"showParticleSystems":true},"in2DMode":false,"pivot":{"x":-6.964351654052734,"y":5.857280731201172,"z":7.695228576660156},"rotation":{"x":-0.2921505868434906,"y":0.3584012985229492,"z":-0.11916880309581757,"w":-0.878648579120636},"size":76.09204864501953,"orthographic":false}