{"cameraMode":{"drawMode":0,"name":"Shaded","section":"Shading Mode"},"sceneLighting":true,"audioPlay":false,"sceneViewState":{"showFog":true,"showMaterialUpdate":false,"showSkybox":true,"showFlares":true,"showImageEffects":true,"showParticleSystems":true},"in2DMode":false,"pivot":{"x":-2.2159929275512697,"y":2.57904052734375,"z":0.7940812110900879},"rotation":{"x":-0.23990894854068757,"y":0.5684785842895508,"z":-0.17791438102722169,"w":-0.7665653228759766},"size":25.006607055664064,"orthographic":false}