{"cameraMode":{"drawMode":0,"name":"Shaded","section":"Shading Mode"},"sceneLighting":true,"audioPlay":false,"sceneViewState":{"showFog":true,"showMaterialUpdate":false,"showSkybox":true,"showFlares":true,"showImageEffects":true,"showParticleSystems":true},"in2DMode":false,"pivot":{"x":-0.6038799285888672,"y":0.904810905456543,"z":7.1833319664001469},"rotation":{"x":-0.1886955350637436,"y":0.6784322261810303,"z":-0.18689224123954774,"w":-0.6849781274795532},"size":20.906696319580079,"orthographic":false}