{"cameraMode":{"drawMode":0,"name":"Shaded","section":"Shading Mode"},"sceneLighting":true,"audioPlay":false,"sceneViewState":{"showFog":true,"showMaterialUpdate":false,"showSkybox":true,"showFlares":true,"showImageEffects":true,"showParticleSystems":true},"in2DMode":false,"pivot":{"x":1.6562328338623047,"y":9.036598205566407,"z":8.910686492919922},"rotation":{"x":-0.1352766752243042,"y":0.6701033711433411,"z":-0.12609516084194184,"w":-0.7188773155212402},"size":22.879878997802736,"orthographic":false}