{"cameraMode":{"drawMode":0,"name":"Shaded","section":"Shading Mode"},"sceneLighting":true,"audioPlay":false,"sceneViewState":{"showFog":true,"showMaterialUpdate":false,"showSkybox":true,"showFlares":true,"showImageEffects":true,"showParticleSystems":true},"in2DMode":false,"pivot":{"x":-5.913974761962891,"y":-9.1370849609375,"z":-3.727421760559082},"rotation":{"x":-0.2504834830760956,"y":0.6735144257545471,"z":-0.26185867190361025,"w":-0.6442565321922302},"size":28.146453857421876,"orthographic":false}