{"cameraMode":{"drawMode":0,"name":"Shaded","section":"Shading Mode"},"sceneLighting":true,"audioPlay":false,"sceneViewState":{"showFog":true,"showMaterialUpdate":false,"showSkybox":true,"showFlares":true,"showImageEffects":true,"showParticleSystems":true},"in2DMode":false,"pivot":{"x":16.993045806884767,"y":-10.565778732299805,"z":-27.329532623291017},"rotation":{"x":-0.01030341349542141,"y":0.9771296381950378,"z":-0.20673751831054688,"w":-0.0486949160695076},"size":52.396934509277347,"orthographic":false}