{"cameraMode":{"drawMode":0,"name":"Shaded","section":"Shading Mode"},"sceneLighting":false,"audioPlay":false,"sceneViewState":{"showFog":true,"showMaterialUpdate":false,"showSkybox":true,"showFlares":true,"showImageEffects":true,"showParticleSystems":true},"in2DMode":false,"pivot":{"x":0.03247499465942383,"y":1.0935180187225342,"z":0.30855512619018557},"rotation":{"x":-0.19519975781440736,"y":0.4619322717189789,"z":-0.10499560087919235,"w":-0.8587762713432312},"size":13.461642265319825,"orthographic":false}