{"cameraMode":{"drawMode":0,"name":"Shaded","section":"Shading Mode"},"sceneLighting":false,"audioPlay":false,"sceneViewState":{"showFog":true,"showMaterialUpdate":false,"showSkybox":true,"showFlares":true,"showImageEffects":true,"showParticleSystems":true},"in2DMode":false,"pivot":{"x":0.026167988777160646,"y":1.658750057220459,"z":0.17477202415466309},"rotation":{"x":-0.2401692420244217,"y":0.5800625085830689,"z":-0.18421396613121034,"w":-0.7562660574913025},"size":13.0819091796875,"orthographic":false}