{"cameraMode":{"drawMode":0,"name":"Shaded","section":"Shading Mode"},"sceneLighting":true,"audioPlay":false,"sceneViewState":{"showFog":true,"showMaterialUpdate":false,"showSkybox":true,"showFlares":true,"showImageEffects":true,"showParticleSystems":true},"in2DMode":false,"pivot":{"x":-0.02934551239013672,"y":-4.823336601257324,"z":3.2400214672088625},"rotation":{"x":-0.33529356122016909,"y":0.5601411461830139,"z":-0.26460060477256777,"w":-0.7097933888435364},"size":19.409103393554689,"orthographic":false}